﻿TRNSCTN_ID,DOCTOR_ID,DOCTOR_NM,CUSTOMER_ID,HOSPITAL_NM,HOSPITAL_ID,TRANSACTION_ID,ROOT_DIEASE,SUB_DIEASE,ROOT_DISEASE_CD,SUB_DISEASE_CD,LOS,READMISSION_30,READMISSION_60,TREATMENT_DAYS,COST,FEEDBACK,FEEDBACK_CD,CREATE_DT,UPDATE_DT,AGE
1,1,Doctor1,P002,cmc,CMC002,auto generation,cardio,heart valve diease,1,11,0,0,0,1,10000,poor,0,28-09-2019,31-01-2020,20
2,1,Doctor63,P001,cmc,CMC002,auto generation,cardio,stroke,1,55,25,1,0,0,50000,excellent,0,28-09-2019,31-01-2020,20
3,2,Doctor2,P003,dr.kamakshi memorial hospital,DRK004,auto generation,orthopaedics,low back pain,3,33,2,0,0,2,1000,excellent,5,06-10-2019,01-02-2020,20
4,2,Doctor2,P008,Apollo hospital,APP002,auto generation,orthopaedics,low back pain,3,33,0,1,0,1,3500,good,5,17-11-2019,07-02-2020,20
5,2,Doctor2,P0011,SRM hospital,SRM012,auto generation,orthopaedics,low back pain,3,33,0,1,0,1,4000,good,3,19-12-2019,12-02-2020,20
6,2,Doctor2,P0016,MIOT international hospital,MIO005,auto generation,orthopaedics,knee pain and prob,3,66,3,0,1,0,5000,poor,3,03-01-2020,20-02-2020,25
7,2,Doctor2,P0020,Apollo hospital,APP002,auto generation,orthopaedics,knee pain and prob,3,66,0,0,0,2,2500,excellent,0,12-01-2020,28-02-2020,25
8,3,Doctor2,P004,dr.kamakshi memorial hospital,DRK004,auto generation,orthopaedics,low back pain,3,33,0,1,0,1,2000,good,5,12-10-2019,02-02-2020,25
9,3,Doctor3,P008,MIOT international hospital,MIO005,auto generation,orthopaedics,low back pain,3,33,0,0,0,1,2000,excellent,3,21-12-2019,14-02-2020,25
10,3,Doctor3,P009,dr.kamakshi memorial hospital,DRK004,auto generation,orthopaedics,low back pain,3,33,0,1,1,2,2500,poor,5,17-11-2019,08-02-2020,25
11,3,Doctor3,P0017,dr.kamakshi memorial hospital,DRK004,auto generation,orthopaedics,knee pain and prob,3,66,0,0,0,1,3500,excellent,0,04-01-2020,21-02-2020,25
12,3,Doctor3,P0020,SRM hospital,SRM012,auto generation,orthopaedics,knee pain and prob,3,66,0,0,1,1,2500,good,5,10-01-2020,26-02-2020,25
13,4,Doctor3,P005,SRM hospital,SRM012,auto generation,orthopaedics,low back pain,3,33,0,0,0,3,1000,excellent,3,13-10-2019,03-02-2020,25
14,4,Doctor4,P007,SRM hospital,SRM012,auto generation,orthopaedics,low back pain,3,33,2,0,1,0,4000,good,5,16-11-2019,06-02-2020,15
15,4,Doctor4,P009,MIOT international hospital,MIO005,auto generation,orthopaedics,low back pain,3,33,3,0,0,0,1500,excellent,3,14-12-2019,09-02-2020,15
16,4,Doctor4,P0014,Kauvery hospital,KAU007,auto generation,orthopaedics,knee pain and prob,3,66,2,1,1,0,2000,poor,5,01-01-2020,17-02-2020,15
17,4,Doctor4,P0015,Apollo hospital,APP002,auto generation,orthopaedics,knee pain and prob,3,66,0,0,0,1,3500,excellent,0,03-01-2020,19-02-2020,15
18,4,Doctor4,P0018,MIOT international hospital,MIO005,auto generation,orthopaedics,knee pain and prob,3,66,0,1,0,3,2000,good,5,05-01-2020,22-02-2020,15
19,4,Doctor4,P0022,Kauvery hospital,KAU007,auto generation,orthopaedics,knee pain and prob,3,66,0,0,0,2,3500,excellent,3,16-01-2020,01-03-2020,30
20,5,Doctor4,P006,Apollo hospital,APP002,auto generation,orthopaedics,low back pain,3,33,0,0,0,1,4500,excellent,5,14-10-2019,04-02-2020,30
21,5,Doctor5,P007,dr.kamakshi memorial hospital,DRK004,auto generation,orthopaedics,knee pain and prob,3,66,0,0,0,2,3000,excellent,5,22-12-2019,15-02-2020,30
22,5,Doctor5,P0010,Kauvery hospital,KAU007,auto generation,orthopaedics,low back pain,3,33,0,0,1,3,1000,good,5,17-12-2019,10-02-2020,30
23,5,Doctor5,P0012,Apollo hospital,APP002,auto generation,orthopaedics,low back pain,3,33,2,0,0,0,2000,excellent,3,20-12-2019,13-02-2020,30
24,5,Doctor5,P0016,SRM hospital,SRM012,auto generation,orthopaedics,knee pain and prob,3,66,0,0,0,1,1500,good,5,07-01-2020,23-02-2020,30
25,5,Doctor5,P0021,Apollo hospital,APP002,auto generation,orthopaedics,knee pain and prob,3,66,0,0,0,1,3000,excellent,3,15-01-2020,29-02-2020,45
26,6,Doctor5,P004,MIOT international hospital,MIO005,auto generation,orthopaedics,low back pain,3,33,0,0,0,1,2000,good,5,15-11-2019,05-02-2020,45
27,6,Doctor6,P009,dr.kamakshi memorial hospital,DRK004,auto generation,orthopaedics,low back pain,3,33,0,0,0,2,2500,excellent,3,18-12-2019,11-02-2020,45
28,6,Doctor6,P0013,MIOT international hospital,MIO005,auto generation,orthopaedics,knee pain and prob,3,66,0,0,0,1,5000,excellent,5,01-01-2020,16-02-2020,45
29,6,Doctor6,P0019,Apollo hospital,APP002,auto generation,orthopaedics,knee pain and prob,3,66,0,1,0,2,4000,good,5,08-01-2020,24-02-2020,62
30,6,Doctor6,P0023,dr.kamakshi memorial hospital,DRK004,auto generation,orthopaedics,knee pain and prob,3,66,2,0,0,0,1500,excellent,3,17-01-2020,02-03-2020,62
31,7,Doctor6,P0014,SRM hospital,SRM012,auto generation,orthopaedics,knee pain and prob,3,66,0,0,0,2,1000,excellent,5,02-01-2020,18-02-2020,62
32,7,Doctor7,P0018,MIOT international hospital,MIO005,auto generation,orthopaedics,knee pain and prob,3,66,0,0,0,1,4500,excellent,5,09-01-2020,25-02-2020,62
33,8,Doctor7,P0021,Kauvery hospital,KAU007,auto generation,orthopaedics,knee pain and prob,3,66,4,1,0,0,3000,poor,5,11-01-2020,27-02-2020,62
34,9,Doctor8,P0024,cmc,CMC002,auto generation,cardio,stroke,1,55,25,1,0,0,50000,excellent,0,27-09-2019,20-02-2020,70
35,10,Doctor9,P0025,cmc,CMC002,auto generation,cardio,heart valve diease,1,11,0,0,0,1,10000,poor,5,28-09-2019,31-01-2020,70
36,11,Doctor10,P0026,ABC Hospital,ABC001,auto generation,orthopaedics,fractures,3,77,14,0,0,0,12000,Average,0,12-10-2019,02-02-2020,70
37,11,Doctor11,P0039,ABC Hospital,ABC001,auto generation,orthopaedics,fractures,3,77,3,1,0,25,5200,Good,1,22-12-2019,15-02-2020,70
38,12,Doctor11,P0027,vasanthi Orthopedic Hospital,VAS014,auto generation,orthopaedics,Osteoarthitis,3,99,30,0,0,0,20000,Poor,3,13-10-2019,03-02-2020,70
39,13,Doctor12,P0028,Ann’s hospital,ANN001,auto generation,orthopaedics,fractures,3,77,40,1,1,4,50000,poor,0,14-10-2019,04-02-2020,12
40,14,Doctor13,P0030,Ivan’s hospital,IVA006,auto generation,orthopaedics,fractures,3,77,2,1,0,14,7800,Good,0,16-11-2019,06-02-2020,12
41,14,Doctor14,P0042,Ann’s hospital,ANN001,auto generation,orthopaedics,fractures,3,77,18,0,0,3,16000,average,3,02-01-2020,18-02-2020,12
42,14,Doctor14,P0046,Ivan’s hospital,IVA006,auto generation,orthopaedics,Osteoarthitis,3,99,14,0,0,60,20000,Average,1,05-01-2020,22-02-2020,12
43,15,Doctor14,P0029,Sappien’s hospital,SAP009,auto generation,orthopaedics,fractures,3,77,1,0,0,10,9000,Good,1,15-11-2019,05-02-2020,12
44,15,Doctor15,P0043,Sappien’s hospital,SAP009,auto generation,orthopaedics,fractures,3,77,0,0,0,60,3700,Poor,3,03-01-2020,19-02-2020,12
45,16,Doctor15,P0031,Sean’s hospital,SEA010,auto generation,orthopaedics,fractures,3,77,6,0,1,36,9000,Good,0,17-11-2019,07-02-2020,24
46,17,Doctor16,P0032,SVK hospital,SVK013,auto generation,orthopaedics,fractures,3,77,12,1,0,1,8999,Average,3,17-11-2019,08-02-2020,24
47,17,Doctor17,P0041,SVK hospital,SVK013,auto generation,orthopaedics,fractures,3,77,0,0,0,45,4200,average,1,01-01-2020,17-02-2020,24
48,18,Doctor17,P0033,ABC Hospital,ABC001,auto generation,orthopaedics,fractures,3,77,14,2,0,30,13000,Poor,1,14-12-2019,09-02-2020,24
49,18,Doctor18,P0034,ABC Hospital,ABC001,auto generation,orthopaedics,Osteoarthitis,3,99,3,0,0,47,18000,good,0,17-12-2019,10-02-2020,24
50,19,Doctor18,P0035,Sappien’s hospital,SAP009,auto generation,orthopaedics,Osteoarthitis,3,99,7,0,0,40,16000,Good,3,18-12-2019,11-02-2020,24
51,19,Doctor19,P0036,Greg’s hospital,GRE005,auto generation,orthopaedics,Osteoarthitis,3,99,10,1,0,50,21000,average,3,19-12-2019,12-02-2020,46
52,20,Doctor19,P0037,Dan hospital,DAN003,auto generation,orthopaedics,fractures,3,77,14,0,1,7,15000,Good,1,20-12-2019,13-02-2020,46
53,21,Doctor20,P0045,Sean’s hospital,SEA010,auto generation,orthopaedics,fractures,3,77,1,1,1,76,13000,Poor,3,04-01-2020,21-02-2020,46
54,22,Doctor21,P0038,AJAD hospital,AJA013,auto generation,orthopaedics,fractures,3,77,1,0,1,70,6700,average,0,21-12-2019,14-02-2020,46
55,23,Doctor22,P0040,Dan hospital,DAN003,auto generation,orthopaedics,fractures,3,77,6,0,0,14,8500,Good,1,01-01-2020,16-02-2020,46
56,24,Doctor23,P0047,Ivan’s hospital,IVA006,auto generation,orthopaedics,Osteoarthitis,3,99,11,0,0,45,16500,average,3,07-01-2020,23-02-2020,46
57,25,Doctor24,P0044,Dan hospital,DAN003,auto generation,orthopaedics,Osteoarthitis,3,99,8,0,1,80,17000,Poor,1,03-01-2020,20-02-2020,34
58,26,Doctor25,P0048,Ivan’s hospital,IVA006,auto generation,orthopaedics,Osteoarthitis,3,99,5,0,0,37,18000,Good,0,08-01-2020,24-02-2020,34
59,27,Doctor26,P0049,ABC Hospital,ABC001,auto generation,orthopaedics,Osteoarthitis,3,99,8,0,1,57,23000,Poor,3,09-01-2020,25-02-2020,34
60,28,Doctor27,P0050,Dan hospital,DAN003,auto generation,orthopaedics,Osteoarthitis,3,99,6,0,0,49,15000,Good,0,10-01-2020,26-02-2020,34
61,29,Doctor28,P0051,ABC Hospital,ABC001,auto generation,orthopaedics,Osteoarthitis,3,99,13,1,0,39,14000,Good,3,11-01-2020,27-02-2020,34
62,30,Doctor29,P0052,Ann’s hospital,ANN001,auto generation,orthopaedics,Osteoarthitis,3,99,21,0,0,2,19000,average,3,12-01-2020,28-02-2020,34
63,31,Doctor30,P0053,Sean’s hospital,SEA010,auto generation,orthopaedics,Osteoarthitis,3,99,17,0,1,3,17600,Average,1,15-01-2020,29-02-2020,34
64,32,Doctor31,P0054,Sean’s hospital,SEA010,auto generation,orthopaedics,Osteoarthitis,3,99,12,0,0,21,18560,Average,1,16-01-2020,01-03-2020,47
65,33,Doctor32,P0055,AJAD hospital,AJA013,auto generation,orthopaedics,Osteoarthitis,3,99,7,0,0,45,14500,Good,1,17-01-2020,02-03-2020,47
66,34,Doctor33,P0082,Mayo Clinic,MAY015,auto generation,Gynaecology,infertility,2,22,5,0,0,0,50000,excellent,3,11-01-2019,15-11-2019,47
67,34,Doctor34,P0066,Mayo Clinic,MAY015,auto generation,Gynaecology,infertility,2,22,10,1,0,0,200000,Poor,5,01-01-2020,01-11-2020,47
68,35,Doctor34,P0072,A4 Hospital,A4H014,auto generation,Gynaecology,PCOS,2,44,0,0,0,11,7000,excellent,0,01-12-2020,23-01-2020,47
69,35,Doctor35,P0074,NN Hospital,NNH123,auto generation,Gynaecology,PCOS,2,44,0,0,0,7,6000,Poor,5,01-12-2020,21-01-2020,47
70,36,Doctor35,P0058,Apollo,APO021,auto generation,Gynaecology,infertility,2,22,14,0,0,0,600000,poor,0,20-05-2019,06-05-2019,47
71,36,Doctor36,P0065,Mothers Clinic,MOT031,auto generation,Gynaecology,infertility,2,22,8,3,0,0,100000,Good,0,09-09-2019,17-09-2019,18
72,36,Doctor36,P0067,AK Fertility,AKF015,auto generation,Gynaecology,infertility,2,22,6,0,0,0,360000,excellent,3,01-10-2020,17-01-2020,18
73,36,Doctor36,P0071,Mayo Clinic,MAY015,auto generation,Gynaecology,PCOS,2,44,0,0,0,12,8000,Poor,5,01-12-2020,22-01-2020,18
74,37,Doctor36,P0076,Mayo Clinic,MAY015,auto generation,Gynaecology,PCOS,2,44,0,0,0,5,6000,Good,0,01-12-2020,17-01-2020,18
75,37,Doctor37,P0077,PCMC,PCM011,auto generation,Gynaecology,PCOS,2,44,0,0,0,9,8000,Good,3,01-12-2020,21-01-2020,18
76,38,Doctor37,P0056,N S Hospital,NSH012,auto generation,Gynaecology,infertility,2,22,0,0,0,8,30000,excellent,3,22-04-2019,10-10-2019,18
77,38,Doctor38,P0068,Madhu Clinic,MAD201,auto generation,Gynaecology,infertility,2,22,3,0,0,0,40000,Poor,5,01-11-2020,14-01-2020,27
78,38,Doctor38,P0070,Mathura Clinic,MAT022,auto generation,Gynaecology,PCOS,2,44,0,0,0,8,6000,Good,0,01-12-2020,20-01-2020,27
79,38,Doctor38,P0075,Madhu Clinic,MAD201,auto generation,Gynaecology,PCOS,2,44,0,0,0,8,6000,Poor,3,01-12-2020,20-01-2020,27
80,39,Doctor38,P0060,Mayo Clinic,MAY015,auto generation,Gynaecology,infertility,2,22,4,2,3,0,150000,Poor,0,07-05-2019,09-08-2019,27
81,39,Doctor39,P0071,Apollo,APO021,auto generation,Gynaecology,PCOS,2,44,0,0,0,23,6000,Good,0,01-12-2020,02-05-2020,27
82,40,Doctor39,P0057,Madhu Clinic,MAD201,auto generation,Gynaecology,infertility,2,22,8,0,0,0,100000,poor,3,05-11-2019,19-05-2019,27
83,40,Doctor40,P0074,Mothers Clinic,MOT031,auto generation,Gynaecology,PCOS,2,44,0,0,0,2,6000,excellent,0,01-12-2020,14-01-2020,27
84,41,Doctor40,P0075,Mayo Clinic,MAY015,auto generation,Gynaecology,PCOS,2,44,0,0,0,12,9000,Poor,5,01-12-2020,22-01-2020,33
85,42,Doctor41,P0063,Madhu Clinic,MAD201,auto generation,Gynaecology,infertility,2,22,7,0,1,0,80000,Good,0,07-09-2019,15-07-2019,33
86,42,Doctor42,P0073,Madhu Clinic,MAD201,auto generation,Gynaecology,PCOS,2,44,0,0,0,4,8000,excellent,3,01-12-2020,16-01-2020,33
87,42,Doctor42,P0080,Apollo,APO021,auto generation,Gynaecology,PCOS,2,44,0,0,0,17,4000,Poor,5,01-12-2020,27-01-2020,33
88,43,Doctor42,P0082,Madhu Clinic,MAD201,auto generation,Gynaecology,infertility,2,22,2,0,0,0,50000,excellent,0,10-10-2019,10-12-2019,33
89,43,Doctor43,P0078,N S Hospital,NSH012,auto generation,Gynaecology,PCOS,2,44,0,0,0,11,6000,excellent,5,01-12-2020,23-01-2020,33
90,44,Doctor43,P0079,Madhu Clinic,MAD201,auto generation,Gynaecology,PCOS,2,44,0,0,0,16,6000,excellent,5,01-12-2020,26-01-2020,33
91,45,Doctor44,P0058,Apollo,APO021,auto generation,Gynaecology,infertility,2,22,9,1,0,0,70000,Good,5,27-06-2019,07-06-2019,45
92,45,Doctor45,P0064,NN Hospital,NNH123,auto generation,Gynaecology,PCOS,2,44,0,0,0,8,5000,Poor,3,08-08-2019,16-08-2019,45
93,45,Doctor45,P0069,PCMC,PCM011,auto generation,Gynaecology,infertility,2,22,8,1,0,0,500000,Poor,0,13-01-2020,23-01-2020,45
94,45,Doctor45,P0081,Mothers Clinic,MOT031,auto generation,Gynaecology,PCOS,2,44,0,0,0,5,6000,excellent,0,01-12-2020,17-01-2020,45
95,46,Doctor45,P0061,Apollo,APO021,auto generation,Gynaecology,infertility,2,22,0,0,0,45,300000,excellent,5,07-06-2019,15-08-2019,45
96,47,Doctor46,P0076,Madhu Clinic,MAD201,auto generation,Gynaecology,PCOS,2,44,0,0,0,8,7000,Poor,5,01-12-2020,20-01-2020,44
97,48,Doctor47,P0059,Mathura Clinic,MAT022,auto generation,Gynaecology,infertility,2,22,0,0,0,15,60000,excellent,0,07-05-2019,20-07-2019,44
98,49,Doctor48,P0062,A4 Hospital,A4H014,auto generation,Gynaecology,PCOS,2,44,0,0,0,4,5000,Good,5,07-08-2019,07-12-2019,44
99,50,Doctor49,P0057,Apollo,APO021,auto generation,Gynaecology,infertility,2,22,10,0,0,0,500000,excellent,3,15-06-2019,25-06-2019,39
100,51,Doctor50,P0083,Vijaya Group of Hospitals,VGH001,auto generation,cardio,heart valve disease,1,11,45,1,0,45,20000,Bad,5,28-09-2019,31-01-2020,39
101,51,Doctor51,P0086,Vijaya Group of Hospitals,VGH001,auto generation,cardio,vascular disease,1,88,30,0,0,30,30000,Good,0,28-09-2019,31-01-2020,39
102,51,Doctor51,P0093,Vijaya Group of Hospitals,VGH001,auto generation,cardio,heart valve disease,1,11,55,1,0,55,80000,Good,3,06-10-2019,01-02-2020,39
103,51,Doctor51,C0004,Fortis Malar Hospital,FM0001,auto generation,cardio,heart valve disease,1,11,0,0,0,40,80000,Bad,3,17-11-2019,07-02-2020,39
104,52,Doctor52,P0084,Sevanhills Hospital,SVH001,auto generation,cardio,heart valve disease,1,11,20,0,0,20,10000,Average,0,19-12-2019,12-02-2020,52
105,52,Doctor52,P0086,Sevanhills Hospital,SVH001,auto generation,cardio,heart valve disease,1,11,40,1,0,40,45000,Good,1,03-01-2020,20-02-2020,52
106,52,Doctor52,P0088,Fortis Malar Hospital,FM0001,auto generation,cardio,heart valve disease,1,11,50,1,0,50,50000,Good,3,12-01-2020,28-02-2020,52
107,52,Doctor52,P0098,Sevanhills Hospital,SVH001,auto generation,cardio,vascular disease,1,88,0,0,0,10,15000,Bad,3,12-10-2019,02-02-2020,52
108,53,Doctor53,P0085,Fortis Malar Hospital,FM0001,auto generation,cardio,heart valve disease,1,11,75,1,1,75,70000,Good,0,21-12-2019,14-02-2020,52
109,53,Doctor53,P0090,Fortis Malar Hospital,FM0001,auto generation,cardio,vascular disease,1,88,15,0,0,15,13000,Bad,3,17-11-2019,08-02-2020,52
110,53,Doctor53,P0089,Global Hospital,GH001,auto generation,cardio,vascular disease,1,88,25,0,0,25,25000,Average,0,04-01-2020,21-02-2020,52
111,54,Doctor54,P0094,Prashanth Hospital,PH0001,auto generation,cardio,vascular disease,1,88,0,0,0,45,18000,Bad,1,10-01-2020,26-02-2020,52
112,54,Doctor54,P0092,Prashanth Hospital,PH0001,auto generation,cardio,vascular disease,1,88,10,0,0,10,25000,Good,0,13-10-2019,03-02-2020,52
113,55,Doctor55,P0095,Kohinoor Hospital,KOH001,auto generation,cardio,vascular disease,1,88,30,0,0,30,10000,Average,3,16-11-2019,06-02-2020,52
114,55,Doctor55,C0001,Vijaya Group of Hospitals,VGH001,auto generation,cardio,heart valve disease,1,11,70,1,1,70,90000,Average,1,14-12-2019,09-02-2020,57
115,56,Doctor56,P0096,Global Hospital,GH001,auto generation,cardio,vascular disease,1,88,45,1,0,45,30000,Average,1,01-01-2020,17-02-2020,57
116,56,Doctor56,C0002,Kohinoor Hospital,KOH001,auto generation,cardio,heart valve disease,1,11,50,1,0,50,90000,Good,1,03-01-2020,19-02-2020,57
117,57,Doctor57,P0097,Vijaya Group of Hospitals,VGH001,auto generation,cardio,heart valve disease,1,11,25,0,0,25,40000,Good,3,05-01-2020,22-02-2020,57
118,57,Doctor57,P0091,Prashanth Hospital,PH0001,auto generation,cardio,vascular disease,1,88,30,0,0,30,30000,Bad,3,16-01-2020,01-03-2020,57
119,58,Doctor58,P0099,Fortis Malar Hospital,FM0001,auto generation,cardio,heart valve disease,1,11,44,1,0,44,85000,Average,0,14-10-2019,04-02-2020,57
120,58,Doctor58,P0087,Sevanhills Hospital,SVH001,auto generation,cardio,vascular disease,1,88,10,0,0,10,20000,Bad,1,22-12-2019,15-02-2020,57
121,58,Doctor58,P0094,Vijaya Group of Hospitals,VGH001,auto generation,cardio,heart valve disease,1,11,0,0,0,40,60000,Good,0,17-12-2019,10-02-2020,57
122,59,Doctor59,C006,Vijaya Group of Hospitals,VGH001,auto generation,cardio,vascular disease,1,88,25,0,0,25,15000,Good,3,20-12-2019,13-02-2020,57
123,59,Doctor59,C007,Sevanhills Hospital,SVH001,auto generation,cardio,vascular disease,1,88,12,0,0,12,30000,Good,3,07-01-2020,23-02-2020,57
124,60,Doctor60,C008,Sevanhills Hospital,SVH001,auto generation,cardio,vascular disease,1,88,50,1,0,50,50000,Good,3,15-01-2020,29-02-2020,57
125,60,Doctor60,C009,Vijaya Group of Hospitals,VGH001,auto generation,cardio,heart valve disease,1,11,45,1,1,45,20000,Good,3,15-11-2019,05-02-2020,57
126,60,Doctor60,C0003,Prashanth Hospital,PH0001,auto generation,cardio,heart valve disease,1,11,0,0,0,10,22000,Average,3,18-12-2019,11-02-2020,57
127,61,Doctor61,C0010,Fortis Malar Hospital,FM0001,auto generation,cardio,vascular disease,1,88,65,1,1,65,95000,Good,1,01-01-2020,16-02-2020,57
128,62,Doctor62,C0011,Vijaya Group of Hospitals,VGH001,auto generation,cardio,heart valve disease,1,11,80,1,1,80,45000,Average,3,08-01-2020,24-02-2020,57
129,62,Doctor62,C0005,Fortis Malar Hospital,FM0001,auto generation,cardio,vascular disease,1,88,0,0,0,25,45000,Bad,1,17-01-2020,02-03-2020,57
131,52,Doctor52,P0087,Vijaya Group of Hospitals,VGH001,auto generation,cardio,vascular disease,1,103,54,1,0,30,57000,Good,3,28-09-2019,31-01-2020,39
132,78,Doctor78,P0087,Vijaya Group of Hospitals,VGH001,auto generation,cardio,vascular disease,1,103,24,0,0,30,45000,Average,3,28-09-2019,31-01-2020,35
133,79,Doctor79,P0087,Vijaya Group of Hospitals,VGH001,auto generation,cardio,vascular disease,1,103,0,0,0,30,10000,Bad,3,28-09-2019,31-01-2020,34
134,80,Doctor80,P0087,Vijaya Group of Hospitals,VGH001,auto generation,cardio,vascular disease,1,103,42,0,0,30,57000,Good,3,28-09-2019,31-01-2020,30
135,81,Doctor81,P0087,Vijaya Group of Hospitals,VGH001,auto generation,cardio,vascular disease,1,103,7,0,0,30,57000,Average,3,28-09-2019,31-01-2020,40
136,82,Doctor82,P0087,Vijaya Group of Hospitals,VGH001,auto generation,cardio,vascular disease,1,103,10,0,1,30,57000,Bad,3,28-09-2019,31-01-2020,39
137,83,Doctor83,P0087,Vijaya Group of Hospitals,VGH001,auto generation,cardio,vascular disease,1,103,50,1,0,30,57000,Good,3,28-09-2019,31-01-2020,39
138,84,Doctor84,P0087,Vijaya Group of Hospitals,VGH001,auto generation,cardio,vascular disease,1,103,25,1,0,30,15000,Average,3,28-09-2019,31-01-2020,37
139,85,Doctor85,P0087,Vijaya Group of Hospitals,VGH001,auto generation,cardio,vascular disease,1,103,14,0,0,30,20000,Bad,3,28-09-2019,31-01-2020,35
140,86,Doctor86,P0087,Vijaya Group of Hospitals,VGH001,auto generation,cardio,vascular disease,1,103,54,0,0,30,54000,Good,3,28-09-2019,31-01-2020,32
141,87,Doctor87,P0087,Vijaya Group of Hospitals,VGH001,auto generation,cardio,vascular disease,1,103,25,0,0,30,60000,Good,3,28-09-2019,31-01-2020,36
